,Unnamed: 0,date,county,state,fips,cases_cumm,deaths_cumm,cases_new,deaths_new
9480,9480,2020-03-24,Autauga,Alabama,1001.0,1,0,0.0,0.0
10835,10835,2020-03-25,Autauga,Alabama,1001.0,4,0,3.0,0.0
12367,12367,2020-03-26,Autauga,Alabama,1001.0,6,0,2.0,0.0
14025,14025,2020-03-27,Autauga,Alabama,1001.0,6,0,0.0,0.0
15803,15803,2020-03-28,Autauga,Alabama,1001.0,6,0,0.0,0.0
17686,17686,2020-03-29,Autauga,Alabama,1001.0,6,0,0.0,0.0
19655,19655,2020-03-30,Autauga,Alabama,1001.0,7,0,1.0,0.0
21727,21727,2020-03-31,Autauga,Alabama,1001.0,7,0,0.0,0.0
23880,23880,2020-04-01,Autauga,Alabama,1001.0,10,0,3.0,0.0
26101,26101,2020-04-02,Autauga,Alabama,1001.0,10,0,0.0,0.0
28396,28396,2020-04-03,Autauga,Alabama,1001.0,12,0,2.0,0.0
30753,30753,2020-04-04,Autauga,Alabama,1001.0,12,0,0.0,0.0
33157,33157,2020-04-05,Autauga,Alabama,1001.0,12,0,0.0,0.0
35596,35596,2020-04-06,Autauga,Alabama,1001.0,12,1,0.0,1.0
38084,38084,2020-04-07,Autauga,Alabama,1001.0,12,1,0.0,0.0
40626,40626,2020-04-08,Autauga,Alabama,1001.0,12,1,0.0,0.0
43199,43199,2020-04-09,Autauga,Alabama,1001.0,17,1,5.0,0.0
45797,45797,2020-04-10,Autauga,Alabama,1001.0,17,1,0.0,0.0
48426,48426,2020-04-11,Autauga,Alabama,1001.0,19,1,2.0,0.0
51087,51087,2020-04-12,Autauga,Alabama,1001.0,19,1,0.0,0.0
53765,53765,2020-04-13,Autauga,Alabama,1001.0,19,1,0.0,0.0
56457,56457,2020-04-14,Autauga,Alabama,1001.0,23,1,4.0,0.0
59165,59165,2020-04-15,Autauga,Alabama,1001.0,25,1,2.0,0.0
61883,61883,2020-04-16,Autauga,Alabama,1001.0,25,2,0.0,1.0
64616,64616,2020-04-17,Autauga,Alabama,1001.0,26,2,1.0,0.0
67364,67364,2020-04-18,Autauga,Alabama,1001.0,25,2,-1.0,0.0
70126,70126,2020-04-19,Autauga,Alabama,1001.0,27,2,2.0,0.0
72895,72895,2020-04-20,Autauga,Alabama,1001.0,28,1,1.0,-1.0
75671,75671,2020-04-21,Autauga,Alabama,1001.0,30,1,2.0,0.0
78454,78454,2020-04-22,Autauga,Alabama,1001.0,32,2,2.0,1.0
81247,81247,2020-04-23,Autauga,Alabama,1001.0,33,2,1.0,0.0
84048,84048,2020-04-24,Autauga,Alabama,1001.0,36,2,3.0,0.0
86856,86856,2020-04-25,Autauga,Alabama,1001.0,37,2,1.0,0.0
89672,89672,2020-04-26,Autauga,Alabama,1001.0,37,2,0.0,0.0
92490,92490,2020-04-27,Autauga,Alabama,1001.0,39,3,2.0,1.0
95320,95320,2020-04-28,Autauga,Alabama,1001.0,40,4,1.0,1.0
98165,98165,2020-04-29,Autauga,Alabama,1001.0,43,4,3.0,0.0
101015,101015,2020-04-30,Autauga,Alabama,1001.0,42,4,-1.0,0.0
103870,103870,2020-05-01,Autauga,Alabama,1001.0,42,3,0.0,-1.0
106735,106735,2020-05-02,Autauga,Alabama,1001.0,45,3,3.0,0.0
109604,109604,2020-05-03,Autauga,Alabama,1001.0,48,3,3.0,0.0
112479,112479,2020-05-04,Autauga,Alabama,1001.0,53,3,5.0,0.0
115362,115362,2020-05-05,Autauga,Alabama,1001.0,53,3,0.0,0.0
118321,118321,2020-05-06,Autauga,Alabama,1001.0,58,3,5.0,0.0
121287,121287,2020-05-07,Autauga,Alabama,1001.0,61,3,3.0,0.0
124267,124267,2020-05-08,Autauga,Alabama,1001.0,67,4,6.0,1.0
127252,127252,2020-05-09,Autauga,Alabama,1001.0,68,4,1.0,0.0
130242,130242,2020-05-10,Autauga,Alabama,1001.0,74,4,6.0,0.0
133232,133232,2020-05-11,Autauga,Alabama,1001.0,84,4,10.0,0.0
136222,136222,2020-05-12,Autauga,Alabama,1001.0,91,4,7.0,0.0
139213,139213,2020-05-13,Autauga,Alabama,1001.0,93,4,2.0,0.0
142209,142209,2020-05-14,Autauga,Alabama,1001.0,104,4,11.0,0.0
145208,145208,2020-05-15,Autauga,Alabama,1001.0,103,4,-1.0,0.0
148211,148211,2020-05-16,Autauga,Alabama,1001.0,110,4,7.0,0.0
151220,151220,2020-05-17,Autauga,Alabama,1001.0,110,4,0.0,0.0
154232,154232,2020-05-18,Autauga,Alabama,1001.0,120,4,10.0,0.0
157248,157248,2020-05-19,Autauga,Alabama,1001.0,127,4,7.0,0.0
160272,160272,2020-05-20,Autauga,Alabama,1001.0,136,3,9.0,-1.0
163300,163300,2020-05-21,Autauga,Alabama,1001.0,147,3,11.0,0.0
166332,166332,2020-05-22,Autauga,Alabama,1001.0,149,3,2.0,0.0
169368,169368,2020-05-23,Autauga,Alabama,1001.0,155,3,6.0,0.0
172409,172409,2020-05-24,Autauga,Alabama,1001.0,159,3,4.0,0.0
175452,175452,2020-05-25,Autauga,Alabama,1001.0,168,3,9.0,0.0
178497,178497,2020-05-26,Autauga,Alabama,1001.0,189,3,21.0,0.0
181541,181541,2020-05-27,Autauga,Alabama,1001.0,192,3,3.0,0.0
184593,184593,2020-05-28,Autauga,Alabama,1001.0,205,3,13.0,0.0
187650,187650,2020-05-29,Autauga,Alabama,1001.0,212,3,7.0,0.0
190714,190714,2020-05-30,Autauga,Alabama,1001.0,216,4,4.0,1.0
193780,193780,2020-05-31,Autauga,Alabama,1001.0,221,4,5.0,0.0
196850,196850,2020-06-01,Autauga,Alabama,1001.0,234,5,13.0,1.0
199923,199923,2020-06-02,Autauga,Alabama,1001.0,240,5,6.0,0.0
202999,202999,2020-06-03,Autauga,Alabama,1001.0,240,5,0.0,0.0
206078,206078,2020-06-04,Autauga,Alabama,1001.0,242,5,2.0,0.0
209160,209160,2020-06-05,Autauga,Alabama,1001.0,249,5,7.0,0.0
212246,212246,2020-06-06,Autauga,Alabama,1001.0,260,5,11.0,0.0
215334,215334,2020-06-07,Autauga,Alabama,1001.0,266,5,6.0,0.0
218425,218425,2020-06-08,Autauga,Alabama,1001.0,273,5,7.0,0.0
221518,221518,2020-06-09,Autauga,Alabama,1001.0,283,5,10.0,0.0
224615,224615,2020-06-10,Autauga,Alabama,1001.0,296,6,13.0,1.0
227718,227718,2020-06-11,Autauga,Alabama,1001.0,316,6,20.0,0.0
230823,230823,2020-06-12,Autauga,Alabama,1001.0,327,6,11.0,0.0
233930,233930,2020-06-13,Autauga,Alabama,1001.0,335,6,8.0,0.0
237038,237038,2020-06-14,Autauga,Alabama,1001.0,361,6,26.0,0.0
240147,240147,2020-06-15,Autauga,Alabama,1001.0,368,6,7.0,0.0
243259,243259,2020-06-16,Autauga,Alabama,1001.0,373,7,5.0,1.0
246373,246373,2020-06-17,Autauga,Alabama,1001.0,375,7,2.0,0.0
249486,249486,2020-06-18,Autauga,Alabama,1001.0,400,8,25.0,1.0
252602,252602,2020-06-19,Autauga,Alabama,1001.0,411,8,11.0,0.0
255722,255722,2020-06-20,Autauga,Alabama,1001.0,431,9,20.0,1.0
258850,258850,2020-06-21,Autauga,Alabama,1001.0,434,9,3.0,0.0
261978,261978,2020-06-22,Autauga,Alabama,1001.0,442,9,8.0,0.0
265108,265108,2020-06-23,Autauga,Alabama,1001.0,453,9,11.0,0.0
268239,268239,2020-06-24,Autauga,Alabama,1001.0,469,11,16.0,2.0
271374,271374,2020-06-25,Autauga,Alabama,1001.0,479,11,10.0,0.0
274515,274515,2020-06-26,Autauga,Alabama,1001.0,488,11,9.0,0.0
277664,277664,2020-06-27,Autauga,Alabama,1001.0,498,12,10.0,1.0
280813,280813,2020-06-28,Autauga,Alabama,1001.0,503,12,5.0,0.0
283961,283961,2020-06-29,Autauga,Alabama,1001.0,527,12,24.0,0.0
287109,287109,2020-06-30,Autauga,Alabama,1001.0,537,12,10.0,0.0
290261,290261,2020-07-01,Autauga,Alabama,1001.0,553,12,16.0,0.0
293415,293415,2020-07-02,Autauga,Alabama,1001.0,561,13,8.0,1.0
296571,296571,2020-07-03,Autauga,Alabama,1001.0,568,13,7.0,0.0
299734,299734,2020-07-04,Autauga,Alabama,1001.0,591,13,23.0,0.0
302899,302899,2020-07-05,Autauga,Alabama,1001.0,615,13,24.0,0.0
306064,306064,2020-07-06,Autauga,Alabama,1001.0,618,13,3.0,0.0
309234,309234,2020-07-07,Autauga,Alabama,1001.0,644,13,26.0,0.0
312404,312404,2020-07-08,Autauga,Alabama,1001.0,651,13,7.0,0.0
315580,315580,2020-07-09,Autauga,Alabama,1001.0,661,14,10.0,1.0
318754,318754,2020-07-10,Autauga,Alabama,1001.0,670,15,9.0,1.0
321934,321934,2020-07-11,Autauga,Alabama,1001.0,684,15,14.0,0.0
325116,325116,2020-07-12,Autauga,Alabama,1001.0,706,16,22.0,1.0
328303,328303,2020-07-13,Autauga,Alabama,1001.0,728,16,22.0,0.0
331490,331490,2020-07-14,Autauga,Alabama,1001.0,746,18,18.0,2.0
334684,334684,2020-07-15,Autauga,Alabama,1001.0,756,19,10.0,1.0
337880,337880,2020-07-16,Autauga,Alabama,1001.0,780,20,24.0,1.0
341077,341077,2020-07-17,Autauga,Alabama,1001.0,789,21,9.0,1.0
344277,344277,2020-07-18,Autauga,Alabama,1001.0,827,21,38.0,0.0
347478,347478,2020-07-19,Autauga,Alabama,1001.0,842,21,15.0,0.0
350680,350680,2020-07-20,Autauga,Alabama,1001.0,857,21,15.0,0.0
353883,353883,2020-07-21,Autauga,Alabama,1001.0,865,21,8.0,0.0
357087,357087,2020-07-22,Autauga,Alabama,1001.0,886,21,21.0,0.0
360293,360293,2020-07-23,Autauga,Alabama,1001.0,905,21,19.0,0.0
363500,363500,2020-07-24,Autauga,Alabama,1001.0,921,21,16.0,0.0
366707,366707,2020-07-25,Autauga,Alabama,1001.0,932,21,11.0,0.0
369917,369917,2020-07-26,Autauga,Alabama,1001.0,942,21,10.0,0.0
373129,373129,2020-07-27,Autauga,Alabama,1001.0,965,21,23.0,0.0
376343,376343,2020-07-28,Autauga,Alabama,1001.0,974,21,9.0,0.0
379559,379559,2020-07-29,Autauga,Alabama,1001.0,987,21,13.0,0.0
382776,382776,2020-07-30,Autauga,Alabama,1001.0,1002,21,15.0,0.0
385994,385994,2020-07-31,Autauga,Alabama,1001.0,1015,21,13.0,0.0
389211,389211,2020-08-01,Autauga,Alabama,1001.0,1030,21,15.0,0.0
392428,392428,2020-08-02,Autauga,Alabama,1001.0,1052,21,22.0,0.0
395644,395644,2020-08-03,Autauga,Alabama,1001.0,1066,21,14.0,0.0
398860,398860,2020-08-04,Autauga,Alabama,1001.0,1073,21,7.0,0.0
402076,402076,2020-08-05,Autauga,Alabama,1001.0,1073,22,0.0,1.0
405294,405294,2020-08-06,Autauga,Alabama,1001.0,1096,22,23.0,0.0
408514,408514,2020-08-07,Autauga,Alabama,1001.0,1113,22,17.0,0.0
411733,411733,2020-08-08,Autauga,Alabama,1001.0,1134,22,21.0,0.0
414953,414953,2020-08-09,Autauga,Alabama,1001.0,1217,22,83.0,0.0
418174,418174,2020-08-10,Autauga,Alabama,1001.0,1222,22,5.0,0.0
421395,421395,2020-08-11,Autauga,Alabama,1001.0,1215,23,-7.0,1.0
424616,424616,2020-08-12,Autauga,Alabama,1001.0,1241,23,26.0,0.0
427840,427840,2020-08-13,Autauga,Alabama,1001.0,1250,23,9.0,0.0
431068,431068,2020-08-14,Autauga,Alabama,1001.0,1252,23,2.0,0.0
434293,434293,2020-08-15,Autauga,Alabama,1001.0,1262,23,10.0,0.0
437519,437519,2020-08-16,Autauga,Alabama,1001.0,1273,23,11.0,0.0
440745,440745,2020-08-17,Autauga,Alabama,1001.0,1274,23,1.0,0.0
443971,443971,2020-08-18,Autauga,Alabama,1001.0,1291,23,17.0,0.0
447198,447198,2020-08-19,Autauga,Alabama,1001.0,1298,23,7.0,0.0
450426,450426,2020-08-20,Autauga,Alabama,1001.0,1298,23,0.0,0.0
453654,453654,2020-08-21,Autauga,Alabama,1001.0,1313,23,15.0,0.0
456882,456882,2020-08-22,Autauga,Alabama,1001.0,1322,23,9.0,0.0
460109,460109,2020-08-23,Autauga,Alabama,1001.0,1324,23,2.0,0.0
463338,463338,2020-08-24,Autauga,Alabama,1001.0,1351,23,27.0,0.0
466567,466567,2020-08-25,Autauga,Alabama,1001.0,1355,23,4.0,0.0
469796,469796,2020-08-26,Autauga,Alabama,1001.0,1366,23,11.0,0.0
473028,473028,2020-08-27,Autauga,Alabama,1001.0,1377,23,11.0,0.0
476261,476261,2020-08-28,Autauga,Alabama,1001.0,1389,23,12.0,0.0
479494,479494,2020-08-29,Autauga,Alabama,1001.0,1400,23,11.0,0.0
482728,482728,2020-08-30,Autauga,Alabama,1001.0,1438,23,38.0,0.0
485963,485963,2020-08-31,Autauga,Alabama,1001.0,1442,23,4.0,0.0
489196,489196,2020-09-01,Autauga,Alabama,1001.0,1453,24,11.0,1.0
492429,492429,2020-09-02,Autauga,Alabama,1001.0,1452,24,-1.0,0.0
495663,495663,2020-09-03,Autauga,Alabama,1001.0,1466,24,14.0,0.0
498896,498896,2020-09-04,Autauga,Alabama,1001.0,1475,24,9.0,0.0
502130,502130,2020-09-05,Autauga,Alabama,1001.0,1492,24,17.0,0.0
505364,505364,2020-09-06,Autauga,Alabama,1001.0,1498,24,6.0,0.0
508596,508596,2020-09-07,Autauga,Alabama,1001.0,1504,24,6.0,0.0
511829,511829,2020-09-08,Autauga,Alabama,1001.0,1508,24,4.0,0.0
515062,515062,2020-09-09,Autauga,Alabama,1001.0,1522,24,14.0,0.0
518297,518297,2020-09-10,Autauga,Alabama,1001.0,1544,24,22.0,0.0
521534,521534,2020-09-11,Autauga,Alabama,1001.0,1551,24,7.0,0.0
524770,524770,2020-09-12,Autauga,Alabama,1001.0,1565,24,14.0,0.0
528006,528006,2020-09-13,Autauga,Alabama,1001.0,1576,24,11.0,0.0
531243,531243,2020-09-14,Autauga,Alabama,1001.0,1585,24,9.0,0.0
534478,534478,2020-09-15,Autauga,Alabama,1001.0,1601,24,16.0,0.0
537714,537714,2020-09-16,Autauga,Alabama,1001.0,1619,24,18.0,0.0
540951,540951,2020-09-17,Autauga,Alabama,1001.0,1624,24,5.0,0.0
544187,544187,2020-09-18,Autauga,Alabama,1001.0,1664,24,40.0,0.0
547424,547424,2020-09-19,Autauga,Alabama,1001.0,1673,24,9.0,0.0
550663,550663,2020-09-20,Autauga,Alabama,1001.0,1690,24,17.0,0.0
553902,553902,2020-09-21,Autauga,Alabama,1001.0,1691,24,1.0,0.0
557139,557139,2020-09-22,Autauga,Alabama,1001.0,1714,25,23.0,1.0
560375,560375,2020-09-23,Autauga,Alabama,1001.0,1715,25,1.0,0.0
563614,563614,2020-09-24,Autauga,Alabama,1001.0,1738,25,23.0,0.0
566855,566855,2020-09-25,Autauga,Alabama,1001.0,1757,25,19.0,0.0
570096,570096,2020-09-26,Autauga,Alabama,1001.0,1764,25,7.0,0.0
573338,573338,2020-09-27,Autauga,Alabama,1001.0,1773,25,9.0,0.0
576582,576582,2020-09-28,Autauga,Alabama,1001.0,1785,25,12.0,0.0
579823,579823,2020-09-29,Autauga,Alabama,1001.0,1787,27,2.0,2.0
583062,583062,2020-09-30,Autauga,Alabama,1001.0,1791,27,4.0,0.0
586302,586302,2020-10-01,Autauga,Alabama,1001.0,1798,28,7.0,1.0
589543,589543,2020-10-02,Autauga,Alabama,1001.0,1805,27,7.0,-1.0
592783,592783,2020-10-03,Autauga,Alabama,1001.0,1818,27,13.0,0.0
596025,596025,2020-10-04,Autauga,Alabama,1001.0,1828,27,10.0,0.0
599268,599268,2020-10-05,Autauga,Alabama,1001.0,1831,27,3.0,0.0
602511,602511,2020-10-06,Autauga,Alabama,1001.0,1839,27,8.0,0.0
605753,605753,2020-10-07,Autauga,Alabama,1001.0,1852,27,13.0,0.0
608996,608996,2020-10-08,Autauga,Alabama,1001.0,1863,28,11.0,1.0
612238,612238,2020-10-09,Autauga,Alabama,1001.0,1882,28,19.0,0.0
615479,615479,2020-10-10,Autauga,Alabama,1001.0,1898,28,16.0,0.0
618721,618721,2020-10-11,Autauga,Alabama,1001.0,1905,28,7.0,0.0
621964,621964,2020-10-12,Autauga,Alabama,1001.0,1911,28,6.0,0.0
625207,625207,2020-10-13,Autauga,Alabama,1001.0,1924,28,13.0,0.0
628450,628450,2020-10-14,Autauga,Alabama,1001.0,1928,28,4.0,0.0
631694,631694,2020-10-15,Autauga,Alabama,1001.0,1949,28,21.0,0.0
634939,634939,2020-10-16,Autauga,Alabama,1001.0,1966,28,17.0,0.0
638184,638184,2020-10-17,Autauga,Alabama,1001.0,1983,28,17.0,0.0
641431,641431,2020-10-18,Autauga,Alabama,1001.0,1989,28,6.0,0.0
644679,644679,2020-10-19,Autauga,Alabama,1001.0,1999,28,10.0,0.0
647924,647924,2020-10-20,Autauga,Alabama,1001.0,2010,29,11.0,1.0
651168,651168,2020-10-21,Autauga,Alabama,1001.0,2021,30,11.0,1.0
654413,654413,2020-10-22,Autauga,Alabama,1001.0,2023,30,2.0,0.0
657658,657658,2020-10-23,Autauga,Alabama,1001.0,2030,30,7.0,0.0
660902,660902,2020-10-24,Autauga,Alabama,1001.0,2048,31,18.0,1.0
664147,664147,2020-10-25,Autauga,Alabama,1001.0,2059,31,11.0,0.0
667393,667393,2020-10-26,Autauga,Alabama,1001.0,2074,31,15.0,0.0
670636,670636,2020-10-27,Autauga,Alabama,1001.0,2082,31,8.0,0.0
673878,673878,2020-10-28,Autauga,Alabama,1001.0,2103,31,21.0,0.0
677122,677122,2020-10-29,Autauga,Alabama,1001.0,2126,31,23.0,0.0
680365,680365,2020-10-30,Autauga,Alabama,1001.0,2141,31,15.0,0.0
683609,683609,2020-10-31,Autauga,Alabama,1001.0,2159,31,18.0,0.0
686854,686854,2020-11-01,Autauga,Alabama,1001.0,2173,31,14.0,0.0
690099,690099,2020-11-02,Autauga,Alabama,1001.0,2186,31,13.0,0.0
693342,693342,2020-11-03,Autauga,Alabama,1001.0,2197,31,11.0,0.0
696585,696585,2020-11-04,Autauga,Alabama,1001.0,2212,31,15.0,0.0
699830,699830,2020-11-05,Autauga,Alabama,1001.0,2230,31,18.0,0.0
703074,703074,2020-11-06,Autauga,Alabama,1001.0,2242,30,12.0,-1.0
706317,706317,2020-11-07,Autauga,Alabama,1001.0,2267,30,25.0,0.0
709561,709561,2020-11-08,Autauga,Alabama,1001.0,2283,30,16.0,0.0
712805,712805,2020-11-09,Autauga,Alabama,1001.0,2304,30,21.0,0.0
1934,1934,2020-03-14,Baldwin,Alabama,1003.0,1,0,0.0,0.0
2309,2309,2020-03-15,Baldwin,Alabama,1003.0,1,0,0.0,0.0
2738,2738,2020-03-16,Baldwin,Alabama,1003.0,1,0,0.0,0.0
3214,3214,2020-03-17,Baldwin,Alabama,1003.0,1,0,0.0,0.0
3760,3760,2020-03-18,Baldwin,Alabama,1003.0,1,0,0.0,0.0
4400,4400,2020-03-19,Baldwin,Alabama,1003.0,1,0,0.0,0.0
5166,5166,2020-03-20,Baldwin,Alabama,1003.0,2,0,1.0,0.0
6082,6082,2020-03-21,Baldwin,Alabama,1003.0,2,0,0.0,0.0
7116,7116,2020-03-22,Baldwin,Alabama,1003.0,2,0,0.0,0.0
8254,8254,2020-03-23,Baldwin,Alabama,1003.0,3,0,1.0,0.0
9481,9481,2020-03-24,Baldwin,Alabama,1003.0,4,0,1.0,0.0
10836,10836,2020-03-25,Baldwin,Alabama,1003.0,4,0,0.0,0.0
12368,12368,2020-03-26,Baldwin,Alabama,1003.0,5,0,1.0,0.0
14026,14026,2020-03-27,Baldwin,Alabama,1003.0,5,0,0.0,0.0
15804,15804,2020-03-28,Baldwin,Alabama,1003.0,10,0,5.0,0.0
17687,17687,2020-03-29,Baldwin,Alabama,1003.0,15,0,5.0,0.0
19656,19656,2020-03-30,Baldwin,Alabama,1003.0,18,0,3.0,0.0
21728,21728,2020-03-31,Baldwin,Alabama,1003.0,19,0,1.0,0.0
23881,23881,2020-04-01,Baldwin,Alabama,1003.0,23,1,4.0,1.0
26102,26102,2020-04-02,Baldwin,Alabama,1003.0,25,1,2.0,0.0
28397,28397,2020-04-03,Baldwin,Alabama,1003.0,28,1,3.0,0.0
30754,30754,2020-04-04,Baldwin,Alabama,1003.0,29,1,1.0,0.0
33158,33158,2020-04-05,Baldwin,Alabama,1003.0,34,1,5.0,0.0
35597,35597,2020-04-06,Baldwin,Alabama,1003.0,38,1,4.0,0.0
38085,38085,2020-04-07,Baldwin,Alabama,1003.0,42,1,4.0,0.0
40627,40627,2020-04-08,Baldwin,Alabama,1003.0,49,1,7.0,0.0
43200,43200,2020-04-09,Baldwin,Alabama,1003.0,59,1,10.0,0.0
45798,45798,2020-04-10,Baldwin,Alabama,1003.0,59,1,0.0,0.0
48427,48427,2020-04-11,Baldwin,Alabama,1003.0,66,1,7.0,0.0
51088,51088,2020-04-12,Baldwin,Alabama,1003.0,71,1,5.0,0.0
53766,53766,2020-04-13,Baldwin,Alabama,1003.0,78,1,7.0,0.0
56458,56458,2020-04-14,Baldwin,Alabama,1003.0,87,2,9.0,1.0
59166,59166,2020-04-15,Baldwin,Alabama,1003.0,98,2,11.0,0.0
61884,61884,2020-04-16,Baldwin,Alabama,1003.0,102,2,4.0,0.0
64617,64617,2020-04-17,Baldwin,Alabama,1003.0,103,2,1.0,0.0
67365,67365,2020-04-18,Baldwin,Alabama,1003.0,109,2,6.0,0.0
70127,70127,2020-04-19,Baldwin,Alabama,1003.0,114,3,5.0,1.0
72896,72896,2020-04-20,Baldwin,Alabama,1003.0,117,3,3.0,0.0
75672,75672,2020-04-21,Baldwin,Alabama,1003.0,123,3,6.0,0.0
78455,78455,2020-04-22,Baldwin,Alabama,1003.0,132,3,9.0,0.0
81248,81248,2020-04-23,Baldwin,Alabama,1003.0,143,3,11.0,0.0
84049,84049,2020-04-24,Baldwin,Alabama,1003.0,147,3,4.0,0.0
86857,86857,2020-04-25,Baldwin,Alabama,1003.0,154,3,7.0,0.0
89673,89673,2020-04-26,Baldwin,Alabama,1003.0,161,3,7.0,0.0
92491,92491,2020-04-27,Baldwin,Alabama,1003.0,168,3,7.0,0.0
95321,95321,2020-04-28,Baldwin,Alabama,1003.0,171,3,3.0,0.0
98166,98166,2020-04-29,Baldwin,Alabama,1003.0,173,2,2.0,-1.0
101016,101016,2020-04-30,Baldwin,Alabama,1003.0,174,3,1.0,1.0
103871,103871,2020-05-01,Baldwin,Alabama,1003.0,175,4,1.0,1.0
106736,106736,2020-05-02,Baldwin,Alabama,1003.0,181,4,6.0,0.0
109605,109605,2020-05-03,Baldwin,Alabama,1003.0,187,4,6.0,0.0
112480,112480,2020-05-04,Baldwin,Alabama,1003.0,188,4,1.0,0.0
115363,115363,2020-05-05,Baldwin,Alabama,1003.0,189,5,1.0,1.0
118322,118322,2020-05-06,Baldwin,Alabama,1003.0,196,5,7.0,0.0
121288,121288,2020-05-07,Baldwin,Alabama,1003.0,205,5,9.0,0.0
124268,124268,2020-05-08,Baldwin,Alabama,1003.0,208,5,3.0,0.0
127253,127253,2020-05-09,Baldwin,Alabama,1003.0,216,5,8.0,0.0
130243,130243,2020-05-10,Baldwin,Alabama,1003.0,222,5,6.0,0.0
133233,133233,2020-05-11,Baldwin,Alabama,1003.0,224,6,2.0,1.0
136223,136223,2020-05-12,Baldwin,Alabama,1003.0,227,7,3.0,1.0
139214,139214,2020-05-13,Baldwin,Alabama,1003.0,231,7,4.0,0.0
142210,142210,2020-05-14,Baldwin,Alabama,1003.0,243,8,12.0,1.0
145209,145209,2020-05-15,Baldwin,Alabama,1003.0,244,8,1.0,0.0
148212,148212,2020-05-16,Baldwin,Alabama,1003.0,254,8,10.0,0.0
151221,151221,2020-05-17,Baldwin,Alabama,1003.0,254,8,0.0,0.0
154233,154233,2020-05-18,Baldwin,Alabama,1003.0,260,8,6.0,0.0
157249,157249,2020-05-19,Baldwin,Alabama,1003.0,262,8,2.0,0.0
160273,160273,2020-05-20,Baldwin,Alabama,1003.0,270,8,8.0,0.0
163301,163301,2020-05-21,Baldwin,Alabama,1003.0,270,8,0.0,0.0
166333,166333,2020-05-22,Baldwin,Alabama,1003.0,271,9,1.0,1.0
169369,169369,2020-05-23,Baldwin,Alabama,1003.0,273,9,2.0,0.0
172410,172410,2020-05-24,Baldwin,Alabama,1003.0,274,9,1.0,0.0
175453,175453,2020-05-25,Baldwin,Alabama,1003.0,274,9,0.0,0.0
178498,178498,2020-05-26,Baldwin,Alabama,1003.0,277,9,3.0,0.0
181542,181542,2020-05-27,Baldwin,Alabama,1003.0,282,9,5.0,0.0
184594,184594,2020-05-28,Baldwin,Alabama,1003.0,281,9,-1.0,0.0
187651,187651,2020-05-29,Baldwin,Alabama,1003.0,282,9,1.0,0.0
190715,190715,2020-05-30,Baldwin,Alabama,1003.0,283,9,1.0,0.0
193781,193781,2020-05-31,Baldwin,Alabama,1003.0,290,9,7.0,0.0
196851,196851,2020-06-01,Baldwin,Alabama,1003.0,306,9,16.0,0.0
199924,199924,2020-06-02,Baldwin,Alabama,1003.0,308,9,2.0,0.0
203000,203000,2020-06-03,Baldwin,Alabama,1003.0,308,9,0.0,0.0
206079,206079,2020-06-04,Baldwin,Alabama,1003.0,309,9,1.0,0.0
209161,209161,2020-06-05,Baldwin,Alabama,1003.0,312,9,3.0,0.0
212247,212247,2020-06-06,Baldwin,Alabama,1003.0,320,9,8.0,0.0
215335,215335,2020-06-07,Baldwin,Alabama,1003.0,329,9,9.0,0.0
218426,218426,2020-06-08,Baldwin,Alabama,1003.0,335,9,6.0,0.0
221519,221519,2020-06-09,Baldwin,Alabama,1003.0,340,9,5.0,0.0
224616,224616,2020-06-10,Baldwin,Alabama,1003.0,346,9,6.0,0.0
227719,227719,2020-06-11,Baldwin,Alabama,1003.0,358,9,12.0,0.0
230824,230824,2020-06-12,Baldwin,Alabama,1003.0,368,9,10.0,0.0
233931,233931,2020-06-13,Baldwin,Alabama,1003.0,376,9,8.0,0.0
237039,237039,2020-06-14,Baldwin,Alabama,1003.0,379,9,3.0,0.0
240148,240148,2020-06-15,Baldwin,Alabama,1003.0,383,9,4.0,0.0
243260,243260,2020-06-16,Baldwin,Alabama,1003.0,389,9,6.0,0.0
246374,246374,2020-06-17,Baldwin,Alabama,1003.0,392,9,3.0,0.0
249487,249487,2020-06-18,Baldwin,Alabama,1003.0,401,9,9.0,0.0
252603,252603,2020-06-19,Baldwin,Alabama,1003.0,413,9,12.0,0.0
255723,255723,2020-06-20,Baldwin,Alabama,1003.0,420,9,7.0,0.0
258851,258851,2020-06-21,Baldwin,Alabama,1003.0,430,9,10.0,0.0
261979,261979,2020-06-22,Baldwin,Alabama,1003.0,437,9,7.0,0.0
265109,265109,2020-06-23,Baldwin,Alabama,1003.0,450,9,13.0,0.0
268240,268240,2020-06-24,Baldwin,Alabama,1003.0,464,9,14.0,0.0
271375,271375,2020-06-25,Baldwin,Alabama,1003.0,477,9,13.0,0.0
274516,274516,2020-06-26,Baldwin,Alabama,1003.0,515,9,38.0,0.0
277665,277665,2020-06-27,Baldwin,Alabama,1003.0,555,10,40.0,1.0
280814,280814,2020-06-28,Baldwin,Alabama,1003.0,575,10,20.0,0.0
283962,283962,2020-06-29,Baldwin,Alabama,1003.0,643,10,68.0,0.0
287110,287110,2020-06-30,Baldwin,Alabama,1003.0,680,10,37.0,0.0
290262,290262,2020-07-01,Baldwin,Alabama,1003.0,703,10,23.0,0.0
293416,293416,2020-07-02,Baldwin,Alabama,1003.0,751,10,48.0,0.0
296572,296572,2020-07-03,Baldwin,Alabama,1003.0,845,10,94.0,0.0
299735,299735,2020-07-04,Baldwin,Alabama,1003.0,863,10,18.0,0.0
302900,302900,2020-07-05,Baldwin,Alabama,1003.0,881,10,18.0,0.0
306065,306065,2020-07-06,Baldwin,Alabama,1003.0,911,10,30.0,0.0
309235,309235,2020-07-07,Baldwin,Alabama,1003.0,997,10,86.0,0.0
312405,312405,2020-07-08,Baldwin,Alabama,1003.0,1056,10,59.0,0.0
315581,315581,2020-07-09,Baldwin,Alabama,1003.0,1131,11,75.0,1.0
318755,318755,2020-07-10,Baldwin,Alabama,1003.0,1187,12,56.0,1.0
321935,321935,2020-07-11,Baldwin,Alabama,1003.0,1224,12,37.0,0.0
325117,325117,2020-07-12,Baldwin,Alabama,1003.0,1294,12,70.0,0.0
328304,328304,2020-07-13,Baldwin,Alabama,1003.0,1359,12,65.0,0.0
331491,331491,2020-07-14,Baldwin,Alabama,1003.0,1414,12,55.0,0.0
334685,334685,2020-07-15,Baldwin,Alabama,1003.0,1518,13,104.0,1.0
337881,337881,2020-07-16,Baldwin,Alabama,1003.0,1599,14,81.0,1.0
341078,341078,2020-07-17,Baldwin,Alabama,1003.0,1689,14,90.0,0.0
344278,344278,2020-07-18,Baldwin,Alabama,1003.0,1819,15,130.0,1.0
347479,347479,2020-07-19,Baldwin,Alabama,1003.0,1937,15,118.0,0.0
350681,350681,2020-07-20,Baldwin,Alabama,1003.0,2013,15,76.0,0.0
353884,353884,2020-07-21,Baldwin,Alabama,1003.0,2102,16,89.0,1.0
357088,357088,2020-07-22,Baldwin,Alabama,1003.0,2196,16,94.0,0.0
360294,360294,2020-07-23,Baldwin,Alabama,1003.0,2461,17,265.0,1.0
363501,363501,2020-07-24,Baldwin,Alabama,1003.0,2513,18,52.0,1.0
366708,366708,2020-07-25,Baldwin,Alabama,1003.0,2662,18,149.0,0.0
369918,369918,2020-07-26,Baldwin,Alabama,1003.0,2708,18,46.0,0.0
373130,373130,2020-07-27,Baldwin,Alabama,1003.0,2770,18,62.0,0.0
376344,376344,2020-07-28,Baldwin,Alabama,1003.0,2835,18,65.0,0.0
379560,379560,2020-07-29,Baldwin,Alabama,1003.0,2908,21,73.0,3.0
382777,382777,2020-07-30,Baldwin,Alabama,1003.0,3028,21,120.0,0.0
385995,385995,2020-07-31,Baldwin,Alabama,1003.0,3101,22,73.0,1.0
389212,389212,2020-08-01,Baldwin,Alabama,1003.0,3142,22,41.0,0.0
392429,392429,2020-08-02,Baldwin,Alabama,1003.0,3223,23,81.0,1.0
395645,395645,2020-08-03,Baldwin,Alabama,1003.0,3265,24,42.0,1.0
398861,398861,2020-08-04,Baldwin,Alabama,1003.0,3320,24,55.0,0.0
402077,402077,2020-08-05,Baldwin,Alabama,1003.0,3380,24,60.0,0.0
405295,405295,2020-08-06,Baldwin,Alabama,1003.0,3438,25,58.0,1.0
408515,408515,2020-08-07,Baldwin,Alabama,1003.0,3504,25,66.0,0.0
411734,411734,2020-08-08,Baldwin,Alabama,1003.0,3564,26,60.0,1.0
414954,414954,2020-08-09,Baldwin,Alabama,1003.0,3606,27,42.0,1.0
418175,418175,2020-08-10,Baldwin,Alabama,1003.0,3714,28,108.0,1.0
421396,421396,2020-08-11,Baldwin,Alabama,1003.0,3736,32,22.0,4.0
424617,424617,2020-08-12,Baldwin,Alabama,1003.0,3776,32,40.0,0.0
427841,427841,2020-08-13,Baldwin,Alabama,1003.0,3813,32,37.0,0.0
431069,431069,2020-08-14,Baldwin,Alabama,1003.0,3860,32,47.0,0.0
434294,434294,2020-08-15,Baldwin,Alabama,1003.0,3909,32,49.0,0.0
437520,437520,2020-08-16,Baldwin,Alabama,1003.0,3948,32,39.0,0.0
440746,440746,2020-08-17,Baldwin,Alabama,1003.0,3960,32,12.0,0.0
443972,443972,2020-08-18,Baldwin,Alabama,1003.0,3977,33,17.0,1.0
447199,447199,2020-08-19,Baldwin,Alabama,1003.0,4002,33,25.0,0.0
450427,450427,2020-08-20,Baldwin,Alabama,1003.0,4035,34,33.0,1.0
453655,453655,2020-08-21,Baldwin,Alabama,1003.0,4075,35,40.0,1.0
456883,456883,2020-08-22,Baldwin,Alabama,1003.0,4115,35,40.0,0.0
460110,460110,2020-08-23,Baldwin,Alabama,1003.0,4147,35,32.0,0.0
463339,463339,2020-08-24,Baldwin,Alabama,1003.0,4167,35,20.0,0.0
466568,466568,2020-08-25,Baldwin,Alabama,1003.0,4190,35,23.0,0.0
469797,469797,2020-08-26,Baldwin,Alabama,1003.0,4265,36,75.0,1.0
473029,473029,2020-08-27,Baldwin,Alabama,1003.0,4311,37,46.0,1.0
476262,476262,2020-08-28,Baldwin,Alabama,1003.0,4347,39,36.0,2.0
479495,479495,2020-08-29,Baldwin,Alabama,1003.0,4424,40,77.0,1.0
482729,482729,2020-08-30,Baldwin,Alabama,1003.0,4525,40,101.0,0.0
485964,485964,2020-08-31,Baldwin,Alabama,1003.0,4545,42,20.0,2.0
489197,489197,2020-09-01,Baldwin,Alabama,1003.0,4568,42,23.0,0.0
492430,492430,2020-09-02,Baldwin,Alabama,1003.0,4583,42,15.0,0.0
495664,495664,2020-09-03,Baldwin,Alabama,1003.0,4628,44,45.0,2.0
498897,498897,2020-09-04,Baldwin,Alabama,1003.0,4654,46,26.0,2.0
502131,502131,2020-09-05,Baldwin,Alabama,1003.0,4686,46,32.0,0.0
505365,505365,2020-09-06,Baldwin,Alabama,1003.0,4713,46,27.0,0.0
508597,508597,2020-09-07,Baldwin,Alabama,1003.0,4730,46,17.0,0.0
511830,511830,2020-09-08,Baldwin,Alabama,1003.0,4757,46,27.0,0.0
515063,515063,2020-09-09,Baldwin,Alabama,1003.0,4787,46,30.0,0.0
518298,518298,2020-09-10,Baldwin,Alabama,1003.0,4833,46,46.0,0.0
521535,521535,2020-09-11,Baldwin,Alabama,1003.0,4886,47,53.0,1.0
524771,524771,2020-09-12,Baldwin,Alabama,1003.0,4922,47,36.0,0.0
528007,528007,2020-09-13,Baldwin,Alabama,1003.0,4959,47,37.0,0.0
531244,531244,2020-09-14,Baldwin,Alabama,1003.0,4978,47,19.0,0.0
534479,534479,2020-09-15,Baldwin,Alabama,1003.0,4992,47,14.0,0.0
537715,537715,2020-09-16,Baldwin,Alabama,1003.0,5003,47,11.0,0.0
540952,540952,2020-09-17,Baldwin,Alabama,1003.0,5021,48,18.0,1.0
544188,544188,2020-09-18,Baldwin,Alabama,1003.0,5033,48,12.0,0.0
547425,547425,2020-09-19,Baldwin,Alabama,1003.0,5047,49,14.0,1.0
550664,550664,2020-09-20,Baldwin,Alabama,1003.0,5061,49,14.0,0.0
553903,553903,2020-09-21,Baldwin,Alabama,1003.0,5087,49,26.0,0.0
557140,557140,2020-09-22,Baldwin,Alabama,1003.0,5124,49,37.0,0.0
560376,560376,2020-09-23,Baldwin,Alabama,1003.0,5141,49,17.0,0.0
563615,563615,2020-09-24,Baldwin,Alabama,1003.0,5165,50,24.0,1.0
566856,566856,2020-09-25,Baldwin,Alabama,1003.0,5456,50,291.0,0.0
570097,570097,2020-09-26,Baldwin,Alabama,1003.0,5477,50,21.0,0.0
573339,573339,2020-09-27,Baldwin,Alabama,1003.0,5526,50,49.0,0.0
576583,576583,2020-09-28,Baldwin,Alabama,1003.0,5588,50,62.0,0.0
579824,579824,2020-09-29,Baldwin,Alabama,1003.0,5606,50,18.0,0.0
583063,583063,2020-09-30,Baldwin,Alabama,1003.0,5640,52,34.0,2.0
586303,586303,2020-10-01,Baldwin,Alabama,1003.0,5997,53,357.0,1.0
589544,589544,2020-10-02,Baldwin,Alabama,1003.0,6024,53,27.0,0.0
592784,592784,2020-10-03,Baldwin,Alabama,1003.0,6048,53,24.0,0.0
596026,596026,2020-10-04,Baldwin,Alabama,1003.0,6073,53,25.0,0.0
599269,599269,2020-10-05,Baldwin,Alabama,1003.0,6085,53,12.0,0.0
602512,602512,2020-10-06,Baldwin,Alabama,1003.0,6116,55,31.0,2.0
605754,605754,2020-10-07,Baldwin,Alabama,1003.0,6134,56,18.0,1.0
608997,608997,2020-10-08,Baldwin,Alabama,1003.0,6141,64,7.0,8.0
612239,612239,2020-10-09,Baldwin,Alabama,1003.0,6172,64,31.0,0.0
615480,615480,2020-10-10,Baldwin,Alabama,1003.0,6190,65,18.0,1.0
618722,618722,2020-10-11,Baldwin,Alabama,1003.0,6203,65,13.0,0.0
621965,621965,2020-10-12,Baldwin,Alabama,1003.0,6220,65,17.0,0.0
625208,625208,2020-10-13,Baldwin,Alabama,1003.0,6248,65,28.0,0.0
628451,628451,2020-10-14,Baldwin,Alabama,1003.0,6270,66,22.0,1.0
631695,631695,2020-10-15,Baldwin,Alabama,1003.0,6285,66,15.0,0.0
634940,634940,2020-10-16,Baldwin,Alabama,1003.0,6333,67,48.0,1.0
638185,638185,2020-10-17,Baldwin,Alabama,1003.0,6350,67,17.0,0.0
641432,641432,2020-10-18,Baldwin,Alabama,1003.0,6369,67,19.0,0.0
644680,644680,2020-10-19,Baldwin,Alabama,1003.0,6375,67,6.0,0.0
647925,647925,2020-10-20,Baldwin,Alabama,1003.0,6405,69,30.0,2.0
651169,651169,2020-10-21,Baldwin,Alabama,1003.0,6443,69,38.0,0.0
654414,654414,2020-10-22,Baldwin,Alabama,1003.0,6475,69,32.0,0.0
657659,657659,2020-10-23,Baldwin,Alabama,1003.0,6615,69,140.0,0.0
660903,660903,2020-10-24,Baldwin,Alabama,1003.0,6637,69,22.0,0.0
664148,664148,2020-10-25,Baldwin,Alabama,1003.0,6658,69,21.0,0.0
667394,667394,2020-10-26,Baldwin,Alabama,1003.0,6694,69,36.0,0.0
670637,670637,2020-10-27,Baldwin,Alabama,1003.0,6712,69,18.0,0.0
673879,673879,2020-10-28,Baldwin,Alabama,1003.0,6743,69,31.0,0.0
677123,677123,2020-10-29,Baldwin,Alabama,1003.0,6768,69,25.0,0.0
680366,680366,2020-10-30,Baldwin,Alabama,1003.0,6888,71,120.0,2.0
683610,683610,2020-10-31,Baldwin,Alabama,1003.0,6940,71,52.0,0.0
686855,686855,2020-11-01,Baldwin,Alabama,1003.0,6966,71,26.0,0.0
690100,690100,2020-11-02,Baldwin,Alabama,1003.0,6985,71,19.0,0.0
693343,693343,2020-11-03,Baldwin,Alabama,1003.0,6995,74,10.0,3.0
696586,696586,2020-11-04,Baldwin,Alabama,1003.0,7061,77,66.0,3.0
699831,699831,2020-11-05,Baldwin,Alabama,1003.0,7097,77,36.0,0.0
703075,703075,2020-11-06,Baldwin,Alabama,1003.0,7134,83,37.0,6.0
706318,706318,2020-11-07,Baldwin,Alabama,1003.0,7188,83,54.0,0.0
709562,709562,2020-11-08,Baldwin,Alabama,1003.0,7226,83,38.0,0.0
712806,712806,2020-11-09,Baldwin,Alabama,1003.0,7263,83,37.0,0.0
28398,28398,2020-04-03,Barbour,Alabama,1005.0,1,0,0.0,0.0
30755,30755,2020-04-04,Barbour,Alabama,1005.0,2,0,1.0,0.0
33159,33159,2020-04-05,Barbour,Alabama,1005.0,2,0,0.0,0.0
35598,35598,2020-04-06,Barbour,Alabama,1005.0,3,0,1.0,0.0
38086,38086,2020-04-07,Barbour,Alabama,1005.0,3,0,0.0,0.0
40628,40628,2020-04-08,Barbour,Alabama,1005.0,3,0,0.0,0.0
43201,43201,2020-04-09,Barbour,Alabama,1005.0,7,0,4.0,0.0
45799,45799,2020-04-10,Barbour,Alabama,1005.0,9,0,2.0,0.0
48428,48428,2020-04-11,Barbour,Alabama,1005.0,10,0,1.0,0.0
51089,51089,2020-04-12,Barbour,Alabama,1005.0,10,0,0.0,0.0
53767,53767,2020-04-13,Barbour,Alabama,1005.0,10,0,0.0,0.0
56459,56459,2020-04-14,Barbour,Alabama,1005.0,11,0,1.0,0.0
59167,59167,2020-04-15,Barbour,Alabama,1005.0,13,0,2.0,0.0
61885,61885,2020-04-16,Barbour,Alabama,1005.0,14,0,1.0,0.0
64618,64618,2020-04-17,Barbour,Alabama,1005.0,15,0,1.0,0.0
67366,67366,2020-04-18,Barbour,Alabama,1005.0,18,0,3.0,0.0
70128,70128,2020-04-19,Barbour,Alabama,1005.0,20,0,2.0,0.0
72897,72897,2020-04-20,Barbour,Alabama,1005.0,22,0,2.0,0.0
75673,75673,2020-04-21,Barbour,Alabama,1005.0,28,0,6.0,0.0
78456,78456,2020-04-22,Barbour,Alabama,1005.0,29,0,1.0,0.0
81249,81249,2020-04-23,Barbour,Alabama,1005.0,30,0,1.0,0.0
84050,84050,2020-04-24,Barbour,Alabama,1005.0,32,0,2.0,0.0
86858,86858,2020-04-25,Barbour,Alabama,1005.0,33,0,1.0,0.0
89674,89674,2020-04-26,Barbour,Alabama,1005.0,33,0,0.0,0.0
92492,92492,2020-04-27,Barbour,Alabama,1005.0,35,0,2.0,0.0
95322,95322,2020-04-28,Barbour,Alabama,1005.0,37,0,2.0,0.0
98167,98167,2020-04-29,Barbour,Alabama,1005.0,37,1,0.0,1.0
101017,101017,2020-04-30,Barbour,Alabama,1005.0,39,1,2.0,0.0
103872,103872,2020-05-01,Barbour,Alabama,1005.0,42,1,3.0,0.0
106737,106737,2020-05-02,Barbour,Alabama,1005.0,43,1,1.0,0.0
109606,109606,2020-05-03,Barbour,Alabama,1005.0,45,1,2.0,0.0
112481,112481,2020-05-04,Barbour,Alabama,1005.0,45,1,0.0,0.0
115364,115364,2020-05-05,Barbour,Alabama,1005.0,47,1,2.0,0.0
118323,118323,2020-05-06,Barbour,Alabama,1005.0,47,1,0.0,0.0
121289,121289,2020-05-07,Barbour,Alabama,1005.0,51,1,4.0,0.0
124269,124269,2020-05-08,Barbour,Alabama,1005.0,53,1,2.0,0.0
127254,127254,2020-05-09,Barbour,Alabama,1005.0,58,1,5.0,0.0
130244,130244,2020-05-10,Barbour,Alabama,1005.0,59,1,1.0,0.0
133234,133234,2020-05-11,Barbour,Alabama,1005.0,61,1,2.0,0.0
136224,136224,2020-05-12,Barbour,Alabama,1005.0,67,1,6.0,0.0
139215,139215,2020-05-13,Barbour,Alabama,1005.0,69,1,2.0,0.0
142211,142211,2020-05-14,Barbour,Alabama,1005.0,74,1,5.0,0.0
145210,145210,2020-05-15,Barbour,Alabama,1005.0,79,1,5.0,0.0
148213,148213,2020-05-16,Barbour,Alabama,1005.0,79,1,0.0,0.0
151222,151222,2020-05-17,Barbour,Alabama,1005.0,81,1,2.0,0.0
154234,154234,2020-05-18,Barbour,Alabama,1005.0,85,1,4.0,0.0
157250,157250,2020-05-19,Barbour,Alabama,1005.0,90,1,5.0,0.0
160274,160274,2020-05-20,Barbour,Alabama,1005.0,96,1,6.0,0.0
163302,163302,2020-05-21,Barbour,Alabama,1005.0,100,1,4.0,0.0
166334,166334,2020-05-22,Barbour,Alabama,1005.0,104,1,4.0,0.0
169370,169370,2020-05-23,Barbour,Alabama,1005.0,105,1,1.0,0.0
172411,172411,2020-05-24,Barbour,Alabama,1005.0,110,1,5.0,0.0
175454,175454,2020-05-25,Barbour,Alabama,1005.0,113,1,3.0,0.0
178499,178499,2020-05-26,Barbour,Alabama,1005.0,122,1,9.0,0.0
181543,181543,2020-05-27,Barbour,Alabama,1005.0,130,1,8.0,0.0
184595,184595,2020-05-28,Barbour,Alabama,1005.0,132,1,2.0,0.0
187652,187652,2020-05-29,Barbour,Alabama,1005.0,147,1,15.0,0.0
190716,190716,2020-05-30,Barbour,Alabama,1005.0,150,1,3.0,0.0
193782,193782,2020-05-31,Barbour,Alabama,1005.0,167,1,17.0,0.0
196852,196852,2020-06-01,Barbour,Alabama,1005.0,173,1,6.0,0.0
199925,199925,2020-06-02,Barbour,Alabama,1005.0,176,1,3.0,0.0
203001,203001,2020-06-03,Barbour,Alabama,1005.0,178,1,2.0,0.0
206080,206080,2020-06-04,Barbour,Alabama,1005.0,178,1,0.0,0.0
209162,209162,2020-06-05,Barbour,Alabama,1005.0,184,1,6.0,0.0
212248,212248,2020-06-06,Barbour,Alabama,1005.0,191,1,7.0,0.0
215336,215336,2020-06-07,Barbour,Alabama,1005.0,194,1,3.0,0.0
218427,218427,2020-06-08,Barbour,Alabama,1005.0,198,1,4.0,0.0
221520,221520,2020-06-09,Barbour,Alabama,1005.0,200,1,2.0,0.0
224617,224617,2020-06-10,Barbour,Alabama,1005.0,209,1,9.0,0.0
227720,227720,2020-06-11,Barbour,Alabama,1005.0,215,1,6.0,0.0
230825,230825,2020-06-12,Barbour,Alabama,1005.0,222,1,7.0,0.0
233932,233932,2020-06-13,Barbour,Alabama,1005.0,227,1,5.0,0.0
237040,237040,2020-06-14,Barbour,Alabama,1005.0,235,1,8.0,0.0
240149,240149,2020-06-15,Barbour,Alabama,1005.0,238,1,3.0,0.0
243261,243261,2020-06-16,Barbour,Alabama,1005.0,245,1,7.0,0.0
246375,246375,2020-06-17,Barbour,Alabama,1005.0,251,1,6.0,0.0
249488,249488,2020-06-18,Barbour,Alabama,1005.0,263,1,12.0,0.0
252604,252604,2020-06-19,Barbour,Alabama,1005.0,266,1,3.0,0.0
255724,255724,2020-06-20,Barbour,Alabama,1005.0,272,1,6.0,0.0
258852,258852,2020-06-21,Barbour,Alabama,1005.0,272,1,0.0,0.0
261980,261980,2020-06-22,Barbour,Alabama,1005.0,277,1,5.0,0.0
265110,265110,2020-06-23,Barbour,Alabama,1005.0,280,1,3.0,0.0
268241,268241,2020-06-24,Barbour,Alabama,1005.0,288,1,8.0,0.0
271376,271376,2020-06-25,Barbour,Alabama,1005.0,305,1,17.0,0.0
274517,274517,2020-06-26,Barbour,Alabama,1005.0,312,1,7.0,0.0
277666,277666,2020-06-27,Barbour,Alabama,1005.0,317,1,5.0,0.0
280815,280815,2020-06-28,Barbour,Alabama,1005.0,317,1,0.0,0.0
283963,283963,2020-06-29,Barbour,Alabama,1005.0,322,1,5.0,0.0
287111,287111,2020-06-30,Barbour,Alabama,1005.0,325,1,3.0,0.0
290263,290263,2020-07-01,Barbour,Alabama,1005.0,326,1,1.0,0.0
293417,293417,2020-07-02,Barbour,Alabama,1005.0,335,1,9.0,0.0
296573,296573,2020-07-03,Barbour,Alabama,1005.0,348,2,13.0,1.0
299736,299736,2020-07-04,Barbour,Alabama,1005.0,350,2,2.0,0.0
302901,302901,2020-07-05,Barbour,Alabama,1005.0,352,2,2.0,0.0
306066,306066,2020-07-06,Barbour,Alabama,1005.0,356,2,4.0,0.0
309236,309236,2020-07-07,Barbour,Alabama,1005.0,360,2,4.0,0.0
312406,312406,2020-07-08,Barbour,Alabama,1005.0,366,2,6.0,0.0
315582,315582,2020-07-09,Barbour,Alabama,1005.0,371,2,5.0,0.0
318756,318756,2020-07-10,Barbour,Alabama,1005.0,381,2,10.0,0.0
321936,321936,2020-07-11,Barbour,Alabama,1005.0,398,2,17.0,0.0
325118,325118,2020-07-12,Barbour,Alabama,1005.0,403,2,5.0,0.0
328305,328305,2020-07-13,Barbour,Alabama,1005.0,413,2,10.0,0.0
331492,331492,2020-07-14,Barbour,Alabama,1005.0,428,3,15.0,1.0
334686,334686,2020-07-15,Barbour,Alabama,1005.0,441,3,13.0,0.0
337882,337882,2020-07-16,Barbour,Alabama,1005.0,459,3,18.0,0.0
341079,341079,2020-07-17,Barbour,Alabama,1005.0,463,3,4.0,0.0
344279,344279,2020-07-18,Barbour,Alabama,1005.0,483,3,20.0,0.0
347480,347480,2020-07-19,Barbour,Alabama,1005.0,495,3,12.0,0.0
350682,350682,2020-07-20,Barbour,Alabama,1005.0,503,4,8.0,1.0
353885,353885,2020-07-21,Barbour,Alabama,1005.0,514,4,11.0,0.0
357089,357089,2020-07-22,Barbour,Alabama,1005.0,518,4,4.0,0.0
360295,360295,2020-07-23,Barbour,Alabama,1005.0,534,4,16.0,0.0
363502,363502,2020-07-24,Barbour,Alabama,1005.0,539,4,5.0,0.0
366709,366709,2020-07-25,Barbour,Alabama,1005.0,552,4,13.0,0.0
369919,369919,2020-07-26,Barbour,Alabama,1005.0,562,4,10.0,0.0
373131,373131,2020-07-27,Barbour,Alabama,1005.0,569,4,7.0,0.0
376345,376345,2020-07-28,Barbour,Alabama,1005.0,575,4,6.0,0.0
379561,379561,2020-07-29,Barbour,Alabama,1005.0,584,4,9.0,0.0
382778,382778,2020-07-30,Barbour,Alabama,1005.0,585,5,1.0,1.0
385996,385996,2020-07-31,Barbour,Alabama,1005.0,598,5,13.0,0.0
389213,389213,2020-08-01,Barbour,Alabama,1005.0,602,5,4.0,0.0
392430,392430,2020-08-02,Barbour,Alabama,1005.0,610,5,8.0,0.0
395646,395646,2020-08-03,Barbour,Alabama,1005.0,612,5,2.0,0.0
398862,398862,2020-08-04,Barbour,Alabama,1005.0,614,5,2.0,0.0
402078,402078,2020-08-05,Barbour,Alabama,1005.0,615,5,1.0,0.0
405296,405296,2020-08-06,Barbour,Alabama,1005.0,619,5,4.0,0.0
408516,408516,2020-08-07,Barbour,Alabama,1005.0,624,5,5.0,0.0
411735,411735,2020-08-08,Barbour,Alabama,1005.0,628,5,4.0,0.0
414955,414955,2020-08-09,Barbour,Alabama,1005.0,630,5,2.0,0.0
418176,418176,2020-08-10,Barbour,Alabama,1005.0,631,5,1.0,0.0
421397,421397,2020-08-11,Barbour,Alabama,1005.0,643,6,12.0,1.0
424618,424618,2020-08-12,Barbour,Alabama,1005.0,646,6,3.0,0.0
427842,427842,2020-08-13,Barbour,Alabama,1005.0,651,6,5.0,0.0
431070,431070,2020-08-14,Barbour,Alabama,1005.0,656,6,5.0,0.0
434295,434295,2020-08-15,Barbour,Alabama,1005.0,663,6,7.0,0.0
437521,437521,2020-08-16,Barbour,Alabama,1005.0,671,6,8.0,0.0
440747,440747,2020-08-17,Barbour,Alabama,1005.0,672,6,1.0,0.0
443973,443973,2020-08-18,Barbour,Alabama,1005.0,674,6,2.0,0.0
447200,447200,2020-08-19,Barbour,Alabama,1005.0,683,7,9.0,1.0
450428,450428,2020-08-20,Barbour,Alabama,1005.0,692,7,9.0,0.0
453656,453656,2020-08-21,Barbour,Alabama,1005.0,695,7,3.0,0.0
456884,456884,2020-08-22,Barbour,Alabama,1005.0,699,7,4.0,0.0
460111,460111,2020-08-23,Barbour,Alabama,1005.0,702,7,3.0,0.0
463340,463340,2020-08-24,Barbour,Alabama,1005.0,720,7,18.0,0.0
466569,466569,2020-08-25,Barbour,Alabama,1005.0,724,7,4.0,0.0
469798,469798,2020-08-26,Barbour,Alabama,1005.0,732,7,8.0,0.0
473030,473030,2020-08-27,Barbour,Alabama,1005.0,739,7,7.0,0.0
476263,476263,2020-08-28,Barbour,Alabama,1005.0,745,7,6.0,0.0
479496,479496,2020-08-29,Barbour,Alabama,1005.0,753,7,8.0,0.0
482730,482730,2020-08-30,Barbour,Alabama,1005.0,757,7,4.0,0.0
485965,485965,2020-08-31,Barbour,Alabama,1005.0,757,7,0.0,0.0
489198,489198,2020-09-01,Barbour,Alabama,1005.0,764,7,7.0,0.0
492431,492431,2020-09-02,Barbour,Alabama,1005.0,768,7,4.0,0.0
495665,495665,2020-09-03,Barbour,Alabama,1005.0,771,7,3.0,0.0
498898,498898,2020-09-04,Barbour,Alabama,1005.0,776,7,5.0,0.0
502132,502132,2020-09-05,Barbour,Alabama,1005.0,776,7,0.0,0.0
505366,505366,2020-09-06,Barbour,Alabama,1005.0,777,7,1.0,0.0
508598,508598,2020-09-07,Barbour,Alabama,1005.0,778,7,1.0,0.0
511831,511831,2020-09-08,Barbour,Alabama,1005.0,778,7,0.0,0.0
515064,515064,2020-09-09,Barbour,Alabama,1005.0,778,7,0.0,0.0
518299,518299,2020-09-10,Barbour,Alabama,1005.0,785,7,7.0,0.0
521536,521536,2020-09-11,Barbour,Alabama,1005.0,786,7,1.0,0.0
524772,524772,2020-09-12,Barbour,Alabama,1005.0,792,7,6.0,0.0
528008,528008,2020-09-13,Barbour,Alabama,1005.0,794,7,2.0,0.0
531245,531245,2020-09-14,Barbour,Alabama,1005.0,801,7,7.0,0.0
534480,534480,2020-09-15,Barbour,Alabama,1005.0,806,7,5.0,0.0
537716,537716,2020-09-16,Barbour,Alabama,1005.0,809,7,3.0,0.0
540953,540953,2020-09-17,Barbour,Alabama,1005.0,809,7,0.0,0.0
544189,544189,2020-09-18,Barbour,Alabama,1005.0,824,7,15.0,0.0
547426,547426,2020-09-19,Barbour,Alabama,1005.0,830,7,6.0,0.0
550665,550665,2020-09-20,Barbour,Alabama,1005.0,835,7,5.0,0.0
553904,553904,2020-09-21,Barbour,Alabama,1005.0,838,7,3.0,0.0
557141,557141,2020-09-22,Barbour,Alabama,1005.0,848,7,10.0,0.0
560377,560377,2020-09-23,Barbour,Alabama,1005.0,851,7,3.0,0.0
563616,563616,2020-09-24,Barbour,Alabama,1005.0,857,7,6.0,0.0
566857,566857,2020-09-25,Barbour,Alabama,1005.0,873,7,16.0,0.0
570098,570098,2020-09-26,Barbour,Alabama,1005.0,882,7,9.0,0.0
573340,573340,2020-09-27,Barbour,Alabama,1005.0,885,7,3.0,0.0
576584,576584,2020-09-28,Barbour,Alabama,1005.0,886,7,1.0,0.0
579825,579825,2020-09-29,Barbour,Alabama,1005.0,886,7,0.0,0.0
583064,583064,2020-09-30,Barbour,Alabama,1005.0,896,7,10.0,0.0
586304,586304,2020-10-01,Barbour,Alabama,1005.0,898,7,2.0,0.0
589545,589545,2020-10-02,Barbour,Alabama,1005.0,902,7,4.0,0.0
592785,592785,2020-10-03,Barbour,Alabama,1005.0,921,7,19.0,0.0
596027,596027,2020-10-04,Barbour,Alabama,1005.0,921,7,0.0,0.0
599270,599270,2020-10-05,Barbour,Alabama,1005.0,921,7,0.0,0.0
602513,602513,2020-10-06,Barbour,Alabama,1005.0,923,7,2.0,0.0
605755,605755,2020-10-07,Barbour,Alabama,1005.0,927,7,4.0,0.0
608998,608998,2020-10-08,Barbour,Alabama,1005.0,927,9,0.0,2.0
612240,612240,2020-10-09,Barbour,Alabama,1005.0,939,9,12.0,0.0
615481,615481,2020-10-10,Barbour,Alabama,1005.0,942,9,3.0,0.0
618723,618723,2020-10-11,Barbour,Alabama,1005.0,942,9,0.0,0.0
621966,621966,2020-10-12,Barbour,Alabama,1005.0,944,9,2.0,0.0
625209,625209,2020-10-13,Barbour,Alabama,1005.0,951,9,7.0,0.0
628452,628452,2020-10-14,Barbour,Alabama,1005.0,950,9,-1.0,0.0
631696,631696,2020-10-15,Barbour,Alabama,1005.0,965,9,15.0,0.0
634941,634941,2020-10-16,Barbour,Alabama,1005.0,968,9,3.0,0.0
638186,638186,2020-10-17,Barbour,Alabama,1005.0,977,9,9.0,0.0
641433,641433,2020-10-18,Barbour,Alabama,1005.0,981,9,4.0,0.0
644681,644681,2020-10-19,Barbour,Alabama,1005.0,981,9,0.0,0.0
647926,647926,2020-10-20,Barbour,Alabama,1005.0,988,9,7.0,0.0
651170,651170,2020-10-21,Barbour,Alabama,1005.0,996,9,8.0,0.0
654415,654415,2020-10-22,Barbour,Alabama,1005.0,997,9,1.0,0.0
657660,657660,2020-10-23,Barbour,Alabama,1005.0,1012,9,15.0,0.0
660904,660904,2020-10-24,Barbour,Alabama,1005.0,1031,9,19.0,0.0
664149,664149,2020-10-25,Barbour,Alabama,1005.0,1033,9,2.0,0.0
667395,667395,2020-10-26,Barbour,Alabama,1005.0,1033,9,0.0,0.0
670638,670638,2020-10-27,Barbour,Alabama,1005.0,1042,9,9.0,0.0
673880,673880,2020-10-28,Barbour,Alabama,1005.0,1045,9,3.0,0.0
677124,677124,2020-10-29,Barbour,Alabama,1005.0,1055,9,10.0,0.0
680367,680367,2020-10-30,Barbour,Alabama,1005.0,1056,9,1.0,0.0
683611,683611,2020-10-31,Barbour,Alabama,1005.0,1060,9,4.0,0.0
686856,686856,2020-11-01,Barbour,Alabama,1005.0,1061,9,1.0,0.0
690101,690101,2020-11-02,Barbour,Alabama,1005.0,1065,9,4.0,0.0
693344,693344,2020-11-03,Barbour,Alabama,1005.0,1074,9,9.0,0.0
696587,696587,2020-11-04,Barbour,Alabama,1005.0,1079,9,5.0,0.0
699832,699832,2020-11-05,Barbour,Alabama,1005.0,1080,9,1.0,0.0
703076,703076,2020-11-06,Barbour,Alabama,1005.0,1090,9,10.0,0.0
706319,706319,2020-11-07,Barbour,Alabama,1005.0,1092,9,2.0,0.0
709563,709563,2020-11-08,Barbour,Alabama,1005.0,1095,9,3.0,0.0
712807,712807,2020-11-09,Barbour,Alabama,1005.0,1098,9,3.0,0.0
19657,19657,2020-03-30,Bibb,Alabama,1007.0,2,0,0.0,0.0
21729,21729,2020-03-31,Bibb,Alabama,1007.0,3,0,1.0,0.0
23882,23882,2020-04-01,Bibb,Alabama,1007.0,3,0,0.0,0.0
26103,26103,2020-04-02,Bibb,Alabama,1007.0,4,0,1.0,0.0
28399,28399,2020-04-03,Bibb,Alabama,1007.0,4,0,0.0,0.0
30756,30756,2020-04-04,Bibb,Alabama,1007.0,4,0,0.0,0.0
33160,33160,2020-04-05,Bibb,Alabama,1007.0,7,0,3.0,0.0
35599,35599,2020-04-06,Bibb,Alabama,1007.0,7,0,0.0,0.0
38087,38087,2020-04-07,Bibb,Alabama,1007.0,8,0,1.0,0.0
40629,40629,2020-04-08,Bibb,Alabama,1007.0,9,0,1.0,0.0
43202,43202,2020-04-09,Bibb,Alabama,1007.0,11,0,2.0,0.0
45800,45800,2020-04-10,Bibb,Alabama,1007.0,11,0,0.0,0.0
48429,48429,2020-04-11,Bibb,Alabama,1007.0,13,0,2.0,0.0
51090,51090,2020-04-12,Bibb,Alabama,1007.0,16,0,3.0,0.0
53768,53768,2020-04-13,Bibb,Alabama,1007.0,17,0,1.0,0.0
56460,56460,2020-04-14,Bibb,Alabama,1007.0,17,0,0.0,0.0
59168,59168,2020-04-15,Bibb,Alabama,1007.0,19,0,2.0,0.0
61886,61886,2020-04-16,Bibb,Alabama,1007.0,24,0,5.0,0.0
64619,64619,2020-04-17,Bibb,Alabama,1007.0,23,0,-1.0,0.0
67367,67367,2020-04-18,Bibb,Alabama,1007.0,26,0,3.0,0.0
70129,70129,2020-04-19,Bibb,Alabama,1007.0,28,0,2.0,0.0
72898,72898,2020-04-20,Bibb,Alabama,1007.0,32,0,4.0,0.0
75674,75674,2020-04-21,Bibb,Alabama,1007.0,32,0,0.0,0.0
78457,78457,2020-04-22,Bibb,Alabama,1007.0,34,0,2.0,0.0
81250,81250,2020-04-23,Bibb,Alabama,1007.0,33,0,-1.0,0.0
84051,84051,2020-04-24,Bibb,Alabama,1007.0,34,0,1.0,0.0
86859,86859,2020-04-25,Bibb,Alabama,1007.0,35,0,1.0,0.0
89675,89675,2020-04-26,Bibb,Alabama,1007.0,38,0,3.0,0.0
92493,92493,2020-04-27,Bibb,Alabama,1007.0,42,0,4.0,0.0
95323,95323,2020-04-28,Bibb,Alabama,1007.0,42,0,0.0,0.0
98168,98168,2020-04-29,Bibb,Alabama,1007.0,42,0,0.0,0.0
101018,101018,2020-04-30,Bibb,Alabama,1007.0,42,0,0.0,0.0
103873,103873,2020-05-01,Bibb,Alabama,1007.0,42,0,0.0,0.0
106738,106738,2020-05-02,Bibb,Alabama,1007.0,42,0,0.0,0.0
109607,109607,2020-05-03,Bibb,Alabama,1007.0,43,0,1.0,0.0
112482,112482,2020-05-04,Bibb,Alabama,1007.0,42,0,-1.0,0.0
115365,115365,2020-05-05,Bibb,Alabama,1007.0,43,0,1.0,0.0
118324,118324,2020-05-06,Bibb,Alabama,1007.0,43,0,0.0,0.0
121290,121290,2020-05-07,Bibb,Alabama,1007.0,44,0,1.0,0.0
124270,124270,2020-05-08,Bibb,Alabama,1007.0,44,1,0.0,1.0
127255,127255,2020-05-09,Bibb,Alabama,1007.0,45,1,1.0,0.0
130245,130245,2020-05-10,Bibb,Alabama,1007.0,46,1,1.0,0.0
133235,133235,2020-05-11,Bibb,Alabama,1007.0,46,1,0.0,0.0
136225,136225,2020-05-12,Bibb,Alabama,1007.0,46,1,0.0,0.0
139216,139216,2020-05-13,Bibb,Alabama,1007.0,46,1,0.0,0.0
142212,142212,2020-05-14,Bibb,Alabama,1007.0,46,1,0.0,0.0
145211,145211,2020-05-15,Bibb,Alabama,1007.0,49,1,3.0,0.0
148214,148214,2020-05-16,Bibb,Alabama,1007.0,50,1,1.0,0.0
151223,151223,2020-05-17,Bibb,Alabama,1007.0,50,1,0.0,0.0
154235,154235,2020-05-18,Bibb,Alabama,1007.0,50,1,0.0,0.0
157251,157251,2020-05-19,Bibb,Alabama,1007.0,51,1,1.0,0.0
160275,160275,2020-05-20,Bibb,Alabama,1007.0,52,1,1.0,0.0
163303,163303,2020-05-21,Bibb,Alabama,1007.0,52,1,0.0,0.0
166335,166335,2020-05-22,Bibb,Alabama,1007.0,55,1,3.0,0.0
169371,169371,2020-05-23,Bibb,Alabama,1007.0,58,1,3.0,0.0
172412,172412,2020-05-24,Bibb,Alabama,1007.0,59,1,1.0,0.0
175455,175455,2020-05-25,Bibb,Alabama,1007.0,59,1,0.0,0.0
178500,178500,2020-05-26,Bibb,Alabama,1007.0,66,1,7.0,0.0
181544,181544,2020-05-27,Bibb,Alabama,1007.0,71,1,5.0,0.0
184596,184596,2020-05-28,Bibb,Alabama,1007.0,71,1,0.0,0.0
187653,187653,2020-05-29,Bibb,Alabama,1007.0,71,1,0.0,0.0
190717,190717,2020-05-30,Bibb,Alabama,1007.0,72,1,1.0,0.0
193783,193783,2020-05-31,Bibb,Alabama,1007.0,75,1,3.0,0.0
196853,196853,2020-06-01,Bibb,Alabama,1007.0,79,1,4.0,0.0
199926,199926,2020-06-02,Bibb,Alabama,1007.0,79,1,0.0,0.0
203002,203002,2020-06-03,Bibb,Alabama,1007.0,79,1,0.0,0.0
206081,206081,2020-06-04,Bibb,Alabama,1007.0,79,1,0.0,0.0
209163,209163,2020-06-05,Bibb,Alabama,1007.0,79,1,0.0,0.0
212249,212249,2020-06-06,Bibb,Alabama,1007.0,80,1,1.0,0.0
215337,215337,2020-06-07,Bibb,Alabama,1007.0,80,1,0.0,0.0
218428,218428,2020-06-08,Bibb,Alabama,1007.0,82,1,2.0,0.0
221521,221521,2020-06-09,Bibb,Alabama,1007.0,88,1,6.0,0.0
224618,224618,2020-06-10,Bibb,Alabama,1007.0,92,1,4.0,0.0
227721,227721,2020-06-11,Bibb,Alabama,1007.0,96,1,4.0,0.0
230826,230826,2020-06-12,Bibb,Alabama,1007.0,100,1,4.0,0.0
233933,233933,2020-06-13,Bibb,Alabama,1007.0,103,1,3.0,0.0
237041,237041,2020-06-14,Bibb,Alabama,1007.0,107,1,4.0,0.0
240150,240150,2020-06-15,Bibb,Alabama,1007.0,111,1,4.0,0.0
243262,243262,2020-06-16,Bibb,Alabama,1007.0,116,1,5.0,0.0
246376,246376,2020-06-17,Bibb,Alabama,1007.0,118,1,2.0,0.0
249489,249489,2020-06-18,Bibb,Alabama,1007.0,121,1,3.0,0.0
252605,252605,2020-06-19,Bibb,Alabama,1007.0,126,1,5.0,0.0
255725,255725,2020-06-20,Bibb,Alabama,1007.0,126,1,0.0,0.0
258853,258853,2020-06-21,Bibb,Alabama,1007.0,127,1,1.0,0.0
261981,261981,2020-06-22,Bibb,Alabama,1007.0,129,1,2.0,0.0
265111,265111,2020-06-23,Bibb,Alabama,1007.0,135,1,6.0,0.0
268242,268242,2020-06-24,Bibb,Alabama,1007.0,141,1,6.0,0.0
271377,271377,2020-06-25,Bibb,Alabama,1007.0,149,1,8.0,0.0
274518,274518,2020-06-26,Bibb,Alabama,1007.0,153,1,4.0,0.0
277667,277667,2020-06-27,Bibb,Alabama,1007.0,161,1,8.0,0.0
280816,280816,2020-06-28,Bibb,Alabama,1007.0,162,1,1.0,0.0
283964,283964,2020-06-29,Bibb,Alabama,1007.0,165,1,3.0,0.0
287112,287112,2020-06-30,Bibb,Alabama,1007.0,170,1,5.0,0.0
290264,290264,2020-07-01,Bibb,Alabama,1007.0,174,1,4.0,0.0
293418,293418,2020-07-02,Bibb,Alabama,1007.0,179,1,5.0,0.0
296574,296574,2020-07-03,Bibb,Alabama,1007.0,189,1,10.0,0.0
299737,299737,2020-07-04,Bibb,Alabama,1007.0,190,1,1.0,0.0
302902,302902,2020-07-05,Bibb,Alabama,1007.0,193,1,3.0,0.0
306067,306067,2020-07-06,Bibb,Alabama,1007.0,197,1,4.0,0.0
309237,309237,2020-07-07,Bibb,Alabama,1007.0,199,1,2.0,0.0
312407,312407,2020-07-08,Bibb,Alabama,1007.0,201,1,2.0,0.0
315583,315583,2020-07-09,Bibb,Alabama,1007.0,211,1,10.0,0.0
318757,318757,2020-07-10,Bibb,Alabama,1007.0,218,1,7.0,0.0
321937,321937,2020-07-11,Bibb,Alabama,1007.0,224,1,6.0,0.0
325119,325119,2020-07-12,Bibb,Alabama,1007.0,228,1,4.0,0.0
328306,328306,2020-07-13,Bibb,Alabama,1007.0,231,1,3.0,0.0
331493,331493,2020-07-14,Bibb,Alabama,1007.0,236,2,5.0,1.0
334687,334687,2020-07-15,Bibb,Alabama,1007.0,242,2,6.0,0.0
337883,337883,2020-07-16,Bibb,Alabama,1007.0,247,2,5.0,0.0
341080,341080,2020-07-17,Bibb,Alabama,1007.0,255,2,8.0,0.0
344280,344280,2020-07-18,Bibb,Alabama,1007.0,264,2,9.0,0.0
347481,347481,2020-07-19,Bibb,Alabama,1007.0,269,2,5.0,0.0
350683,350683,2020-07-20,Bibb,Alabama,1007.0,279,2,10.0,0.0
353886,353886,2020-07-21,Bibb,Alabama,1007.0,283,2,4.0,0.0
357090,357090,2020-07-22,Bibb,Alabama,1007.0,287,2,4.0,0.0
360296,360296,2020-07-23,Bibb,Alabama,1007.0,289,2,2.0,0.0
363503,363503,2020-07-24,Bibb,Alabama,1007.0,303,2,14.0,0.0
366710,366710,2020-07-25,Bibb,Alabama,1007.0,318,2,15.0,0.0
369920,369920,2020-07-26,Bibb,Alabama,1007.0,324,2,6.0,0.0
373132,373132,2020-07-27,Bibb,Alabama,1007.0,334,2,10.0,0.0
376346,376346,2020-07-28,Bibb,Alabama,1007.0,338,2,4.0,0.0
379562,379562,2020-07-29,Bibb,Alabama,1007.0,344,2,6.0,0.0
382779,382779,2020-07-30,Bibb,Alabama,1007.0,352,2,8.0,0.0
385997,385997,2020-07-31,Bibb,Alabama,1007.0,363,2,11.0,0.0
389214,389214,2020-08-01,Bibb,Alabama,1007.0,368,2,5.0,0.0
392431,392431,2020-08-02,Bibb,Alabama,1007.0,372,3,4.0,1.0
395647,395647,2020-08-03,Bibb,Alabama,1007.0,382,3,10.0,0.0
398863,398863,2020-08-04,Bibb,Alabama,1007.0,389,3,7.0,0.0
402079,402079,2020-08-05,Bibb,Alabama,1007.0,392,4,3.0,1.0
405297,405297,2020-08-06,Bibb,Alabama,1007.0,421,4,29.0,0.0
408517,408517,2020-08-07,Bibb,Alabama,1007.0,424,4,3.0,0.0
411736,411736,2020-08-08,Bibb,Alabama,1007.0,434,5,10.0,1.0
414956,414956,2020-08-09,Bibb,Alabama,1007.0,446,5,12.0,0.0
418177,418177,2020-08-10,Bibb,Alabama,1007.0,450,5,4.0,0.0
421398,421398,2020-08-11,Bibb,Alabama,1007.0,455,6,5.0,1.0
424619,424619,2020-08-12,Bibb,Alabama,1007.0,464,6,9.0,0.0
427843,427843,2020-08-13,Bibb,Alabama,1007.0,469,6,5.0,0.0
431071,431071,2020-08-14,Bibb,Alabama,1007.0,477,6,8.0,0.0
434296,434296,2020-08-15,Bibb,Alabama,1007.0,483,6,6.0,0.0
437522,437522,2020-08-16,Bibb,Alabama,1007.0,483,6,0.0,0.0
440748,440748,2020-08-17,Bibb,Alabama,1007.0,488,6,5.0,0.0
443974,443974,2020-08-18,Bibb,Alabama,1007.0,490,6,2.0,0.0
447201,447201,2020-08-19,Bibb,Alabama,1007.0,503,6,13.0,0.0
450429,450429,2020-08-20,Bibb,Alabama,1007.0,507,6,4.0,0.0
453657,453657,2020-08-21,Bibb,Alabama,1007.0,514,6,7.0,0.0
456885,456885,2020-08-22,Bibb,Alabama,1007.0,516,6,2.0,0.0
460112,460112,2020-08-23,Bibb,Alabama,1007.0,523,6,7.0,0.0
463341,463341,2020-08-24,Bibb,Alabama,1007.0,526,6,3.0,0.0
466570,466570,2020-08-25,Bibb,Alabama,1007.0,527,6,1.0,0.0
469799,469799,2020-08-26,Bibb,Alabama,1007.0,530,6,3.0,0.0
473031,473031,2020-08-27,Bibb,Alabama,1007.0,533,6,3.0,0.0
476264,476264,2020-08-28,Bibb,Alabama,1007.0,535,6,2.0,0.0
479497,479497,2020-08-29,Bibb,Alabama,1007.0,540,7,5.0,1.0
482731,482731,2020-08-30,Bibb,Alabama,1007.0,550,7,10.0,0.0
485966,485966,2020-08-31,Bibb,Alabama,1007.0,554,8,4.0,1.0
489199,489199,2020-09-01,Bibb,Alabama,1007.0,558,8,4.0,0.0
492432,492432,2020-09-02,Bibb,Alabama,1007.0,562,8,4.0,0.0
495666,495666,2020-09-03,Bibb,Alabama,1007.0,564,8,2.0,0.0
498899,498899,2020-09-04,Bibb,Alabama,1007.0,570,9,6.0,1.0
502133,502133,2020-09-05,Bibb,Alabama,1007.0,576,9,6.0,0.0
505367,505367,2020-09-06,Bibb,Alabama,1007.0,581,9,5.0,0.0
508599,508599,2020-09-07,Bibb,Alabama,1007.0,583,9,2.0,0.0
511832,511832,2020-09-08,Bibb,Alabama,1007.0,589,9,6.0,0.0
515065,515065,2020-09-09,Bibb,Alabama,1007.0,591,9,2.0,0.0
518300,518300,2020-09-10,Bibb,Alabama,1007.0,594,9,3.0,0.0
521537,521537,2020-09-11,Bibb,Alabama,1007.0,602,9,8.0,0.0
524773,524773,2020-09-12,Bibb,Alabama,1007.0,604,9,2.0,0.0
528009,528009,2020-09-13,Bibb,Alabama,1007.0,607,9,3.0,0.0
531246,531246,2020-09-14,Bibb,Alabama,1007.0,610,9,3.0,0.0
534481,534481,2020-09-15,Bibb,Alabama,1007.0,611,9,1.0,0.0
537717,537717,2020-09-16,Bibb,Alabama,1007.0,612,9,1.0,0.0
540954,540954,2020-09-17,Bibb,Alabama,1007.0,617,9,5.0,0.0
544190,544190,2020-09-18,Bibb,Alabama,1007.0,619,10,2.0,1.0
547427,547427,2020-09-19,Bibb,Alabama,1007.0,628,10,9.0,0.0
550666,550666,2020-09-20,Bibb,Alabama,1007.0,632,10,4.0,0.0
553905,553905,2020-09-21,Bibb,Alabama,1007.0,636,10,4.0,0.0
557142,557142,2020-09-22,Bibb,Alabama,1007.0,635,10,-1.0,0.0
560378,560378,2020-09-23,Bibb,Alabama,1007.0,638,10,3.0,0.0
563617,563617,2020-09-24,Bibb,Alabama,1007.0,642,10,4.0,0.0
566858,566858,2020-09-25,Bibb,Alabama,1007.0,652,10,10.0,0.0
570099,570099,2020-09-26,Bibb,Alabama,1007.0,654,10,2.0,0.0
573341,573341,2020-09-27,Bibb,Alabama,1007.0,656,10,2.0,0.0
576585,576585,2020-09-28,Bibb,Alabama,1007.0,657,10,1.0,0.0
579826,579826,2020-09-29,Bibb,Alabama,1007.0,658,10,1.0,0.0
583065,583065,2020-09-30,Bibb,Alabama,1007.0,664,11,6.0,1.0
586305,586305,2020-10-01,Bibb,Alabama,1007.0,672,10,8.0,-1.0
589546,589546,2020-10-02,Bibb,Alabama,1007.0,675,10,3.0,0.0
592786,592786,2020-10-03,Bibb,Alabama,1007.0,678,10,3.0,0.0
596028,596028,2020-10-04,Bibb,Alabama,1007.0,686,10,8.0,0.0
599271,599271,2020-10-05,Bibb,Alabama,1007.0,687,10,1.0,0.0
602514,602514,2020-10-06,Bibb,Alabama,1007.0,691,10,4.0,0.0
605756,605756,2020-10-07,Bibb,Alabama,1007.0,703,10,12.0,0.0
608999,608999,2020-10-08,Bibb,Alabama,1007.0,708,12,5.0,2.0
612241,612241,2020-10-09,Bibb,Alabama,1007.0,719,12,11.0,0.0
615482,615482,2020-10-10,Bibb,Alabama,1007.0,726,12,7.0,0.0
618724,618724,2020-10-11,Bibb,Alabama,1007.0,736,12,10.0,0.0
621967,621967,2020-10-12,Bibb,Alabama,1007.0,738,12,2.0,0.0
625210,625210,2020-10-13,Bibb,Alabama,1007.0,744,12,6.0,0.0
628453,628453,2020-10-14,Bibb,Alabama,1007.0,744,13,0.0,1.0
631697,631697,2020-10-15,Bibb,Alabama,1007.0,761,13,17.0,0.0
634942,634942,2020-10-16,Bibb,Alabama,1007.0,771,13,10.0,0.0
638187,638187,2020-10-17,Bibb,Alabama,1007.0,775,13,4.0,0.0
641434,641434,2020-10-18,Bibb,Alabama,1007.0,785,13,10.0,0.0
644682,644682,2020-10-19,Bibb,Alabama,1007.0,789,13,4.0,0.0
647927,647927,2020-10-20,Bibb,Alabama,1007.0,791,14,2.0,1.0
651171,651171,2020-10-21,Bibb,Alabama,1007.0,801,14,10.0,0.0
654416,654416,2020-10-22,Bibb,Alabama,1007.0,811,14,10.0,0.0
657661,657661,2020-10-23,Bibb,Alabama,1007.0,825,14,14.0,0.0
660905,660905,2020-10-24,Bibb,Alabama,1007.0,828,14,3.0,0.0
664150,664150,2020-10-25,Bibb,Alabama,1007.0,840,14,12.0,0.0
667396,667396,2020-10-26,Bibb,Alabama,1007.0,843,14,3.0,0.0
670639,670639,2020-10-27,Bibb,Alabama,1007.0,850,15,7.0,1.0
673881,673881,2020-10-28,Bibb,Alabama,1007.0,856,15,6.0,0.0
677125,677125,2020-10-29,Bibb,Alabama,1007.0,861,15,5.0,0.0
680368,680368,2020-10-30,Bibb,Alabama,1007.0,866,15,5.0,0.0
683612,683612,2020-10-31,Bibb,Alabama,1007.0,873,15,7.0,0.0
686857,686857,2020-11-01,Bibb,Alabama,1007.0,878,15,5.0,0.0
690102,690102,2020-11-02,Bibb,Alabama,1007.0,883,15,5.0,0.0
693345,693345,2020-11-03,Bibb,Alabama,1007.0,890,15,7.0,0.0
696588,696588,2020-11-04,Bibb,Alabama,1007.0,897,15,7.0,0.0
699833,699833,2020-11-05,Bibb,Alabama,1007.0,907,15,10.0,0.0
703077,703077,2020-11-06,Bibb,Alabama,1007.0,917,15,10.0,0.0
706320,706320,2020-11-07,Bibb,Alabama,1007.0,924,16,7.0,1.0
709564,709564,2020-11-08,Bibb,Alabama,1007.0,926,16,2.0,0.0
712808,712808,2020-11-09,Bibb,Alabama,1007.0,932,16,6.0,0.0
10837,10837,2020-03-25,Blount,Alabama,1009.0,1,0,0.0,0.0
12369,12369,2020-03-26,Blount,Alabama,1009.0,3,0,2.0,0.0
14027,14027,2020-03-27,Blount,Alabama,1009.0,5,0,2.0,0.0
15805,15805,2020-03-28,Blount,Alabama,1009.0,5,0,0.0,0.0
17688,17688,2020-03-29,Blount,Alabama,1009.0,5,0,0.0,0.0
19658,19658,2020-03-30,Blount,Alabama,1009.0,5,0,0.0,0.0
21730,21730,2020-03-31,Blount,Alabama,1009.0,5,0,0.0,0.0
23883,23883,2020-04-01,Blount,Alabama,1009.0,5,0,0.0,0.0
26104,26104,2020-04-02,Blount,Alabama,1009.0,6,0,1.0,0.0
28400,28400,2020-04-03,Blount,Alabama,1009.0,9,0,3.0,0.0
30757,30757,2020-04-04,Blount,Alabama,1009.0,10,0,1.0,0.0
33161,33161,2020-04-05,Blount,Alabama,1009.0,10,0,0.0,0.0
35600,35600,2020-04-06,Blount,Alabama,1009.0,10,0,0.0,0.0
38088,38088,2020-04-07,Blount,Alabama,1009.0,10,0,0.0,0.0
40630,40630,2020-04-08,Blount,Alabama,1009.0,10,0,0.0,0.0
43203,43203,2020-04-09,Blount,Alabama,1009.0,11,0,1.0,0.0
45801,45801,2020-04-10,Blount,Alabama,1009.0,12,0,1.0,0.0
48430,48430,2020-04-11,Blount,Alabama,1009.0,12,0,0.0,0.0
51091,51091,2020-04-12,Blount,Alabama,1009.0,13,0,1.0,0.0
53769,53769,2020-04-13,Blount,Alabama,1009.0,15,0,2.0,0.0
56461,56461,2020-04-14,Blount,Alabama,1009.0,16,0,1.0,0.0
59169,59169,2020-04-15,Blount,Alabama,1009.0,17,0,1.0,0.0
61887,61887,2020-04-16,Blount,Alabama,1009.0,18,0,1.0,0.0
64620,64620,2020-04-17,Blount,Alabama,1009.0,20,0,2.0,0.0
67368,67368,2020-04-18,Blount,Alabama,1009.0,20,0,0.0,0.0
70130,70130,2020-04-19,Blount,Alabama,1009.0,21,0,1.0,0.0
72899,72899,2020-04-20,Blount,Alabama,1009.0,22,0,1.0,0.0
75675,75675,2020-04-21,Blount,Alabama,1009.0,26,0,4.0,0.0
78458,78458,2020-04-22,Blount,Alabama,1009.0,29,0,3.0,0.0
81251,81251,2020-04-23,Blount,Alabama,1009.0,31,0,2.0,0.0
84052,84052,2020-04-24,Blount,Alabama,1009.0,31,0,0.0,0.0
86860,86860,2020-04-25,Blount,Alabama,1009.0,31,0,0.0,0.0
89676,89676,2020-04-26,Blount,Alabama,1009.0,34,0,3.0,0.0
92494,92494,2020-04-27,Blount,Alabama,1009.0,34,0,0.0,0.0
95324,95324,2020-04-28,Blount,Alabama,1009.0,34,0,0.0,0.0
98169,98169,2020-04-29,Blount,Alabama,1009.0,36,0,2.0,0.0
101019,101019,2020-04-30,Blount,Alabama,1009.0,37,0,1.0,0.0
103874,103874,2020-05-01,Blount,Alabama,1009.0,39,0,2.0,0.0
106739,106739,2020-05-02,Blount,Alabama,1009.0,40,0,1.0,0.0
109608,109608,2020-05-03,Blount,Alabama,1009.0,40,0,0.0,0.0
112483,112483,2020-05-04,Blount,Alabama,1009.0,40,0,0.0,0.0
115366,115366,2020-05-05,Blount,Alabama,1009.0,40,0,0.0,0.0
118325,118325,2020-05-06,Blount,Alabama,1009.0,42,0,2.0,0.0
121291,121291,2020-05-07,Blount,Alabama,1009.0,44,0,2.0,0.0
124271,124271,2020-05-08,Blount,Alabama,1009.0,44,0,0.0,0.0
127256,127256,2020-05-09,Blount,Alabama,1009.0,44,0,0.0,0.0
130246,130246,2020-05-10,Blount,Alabama,1009.0,44,0,0.0,0.0
133236,133236,2020-05-11,Blount,Alabama,1009.0,45,0,1.0,0.0
136226,136226,2020-05-12,Blount,Alabama,1009.0,45,0,0.0,0.0
139217,139217,2020-05-13,Blount,Alabama,1009.0,45,0,0.0,0.0
142213,142213,2020-05-14,Blount,Alabama,1009.0,45,0,0.0,0.0
145212,145212,2020-05-15,Blount,Alabama,1009.0,45,0,0.0,0.0
148215,148215,2020-05-16,Blount,Alabama,1009.0,45,0,0.0,0.0
151224,151224,2020-05-17,Blount,Alabama,1009.0,46,1,1.0,1.0
154236,154236,2020-05-18,Blount,Alabama,1009.0,47,1,1.0,0.0
157252,157252,2020-05-19,Blount,Alabama,1009.0,47,1,0.0,0.0
160276,160276,2020-05-20,Blount,Alabama,1009.0,47,1,0.0,0.0
163304,163304,2020-05-21,Blount,Alabama,1009.0,48,1,1.0,0.0
166336,166336,2020-05-22,Blount,Alabama,1009.0,49,1,1.0,0.0
169372,169372,2020-05-23,Blount,Alabama,1009.0,49,1,0.0,0.0
172413,172413,2020-05-24,Blount,Alabama,1009.0,49,1,0.0,0.0
175456,175456,2020-05-25,Blount,Alabama,1009.0,49,1,0.0,0.0
178501,178501,2020-05-26,Blount,Alabama,1009.0,51,1,2.0,0.0
181545,181545,2020-05-27,Blount,Alabama,1009.0,53,1,2.0,0.0
184597,184597,2020-05-28,Blount,Alabama,1009.0,58,1,5.0,0.0
187654,187654,2020-05-29,Blount,Alabama,1009.0,60,1,2.0,0.0
190718,190718,2020-05-30,Blount,Alabama,1009.0,61,1,1.0,0.0
193784,193784,2020-05-31,Blount,Alabama,1009.0,62,1,1.0,0.0
196854,196854,2020-06-01,Blount,Alabama,1009.0,65,1,3.0,0.0
199927,199927,2020-06-02,Blount,Alabama,1009.0,65,1,0.0,0.0
203003,203003,2020-06-03,Blount,Alabama,1009.0,65,1,0.0,0.0
206082,206082,2020-06-04,Blount,Alabama,1009.0,65,1,0.0,0.0
209164,209164,2020-06-05,Blount,Alabama,1009.0,66,1,1.0,0.0
212250,212250,2020-06-06,Blount,Alabama,1009.0,72,1,6.0,0.0
215338,215338,2020-06-07,Blount,Alabama,1009.0,74,1,2.0,0.0
218429,218429,2020-06-08,Blount,Alabama,1009.0,75,1,1.0,0.0
221522,221522,2020-06-09,Blount,Alabama,1009.0,77,1,2.0,0.0
224619,224619,2020-06-10,Blount,Alabama,1009.0,81,1,4.0,0.0
227722,227722,2020-06-11,Blount,Alabama,1009.0,89,1,8.0,0.0
230827,230827,2020-06-12,Blount,Alabama,1009.0,97,1,8.0,0.0
233934,233934,2020-06-13,Blount,Alabama,1009.0,104,1,7.0,0.0
237042,237042,2020-06-14,Blount,Alabama,1009.0,112,1,8.0,0.0
